Dinucleotide;Shift (RNA);Slide (RNA);Rise (RNA);Tilt (RNA);Roll (RNA);Twist (RNA);Stacking energy (RNA);Enthalpy (RNA);Entropy (RNA);Free energy (RNA);Free energy (RNA);Enthalpy (RNA);Entropy (RNA);GC content;Purine (AG) content;Keto (GT) content;Adenine content;Guanine content;Cytosine content;Thymine content;Hydrophilicity (RNA);Hydrophilicity (RNA)
AA;-0.08;-1.27;3.18;-0.8;7.0;31.0;-13.7;-6.6;-18.4;-0.9;-0.93;-6.82;-19.0;0.0;2.0;0.0;2.0;0.0;0.0;0.0;0.023;0.04
AC;0.23;-1.43;3.24;0.8;4.8;32.0;-13.8;-10.2;-26.2;-2.1;-2.24;-11.4;-29.5;1.0;1.0;0.0;1.0;0.0;1.0;0.0;0.083;0.14
AG;-0.04;-1.5;3.3;0.5;8.5;30.0;-14.0;-7.6;-19.2;-1.7;-2.08;-10.48;-27.1;1.0;2.0;0.0;1.0;1.0;0.0;0.0;0.035;0.08
AT;-0.06;-1.36;3.24;1.1;7.1;33.0;-15.4;-5.7;-15.5;-0.9;-1.1;-9.38;-26.7;0.0;1.0;1.0;1.0;0.0;0.0;1.0;0.09;0.14
CA;0.11;-1.46;3.09;1.0;9.9;31.0;-14.4;-10.5;-27.8;-1.8;-2.11;-10.44;-26.9;1.0;1.0;0.0;1.0;0.0;1.0;0.0;0.11800000000000001;0.21
CC;-0.01;-1.78;3.32;0.3;8.7;32.0;-11.1;-12.2;-29.7;-2.9;-3.26;-13.39;-32.7;2.0;0.0;0.0;0.0;0.0;2.0;0.0;0.349;0.49
CG;0.3;-1.89;3.3;-0.1;12.1;27.0;-15.6;-8.0;-19.4;-2.0;-2.36;-10.64;-26.7;2.0;1.0;1.0;0.0;1.0;1.0;0.0;0.193;0.35
CT;-0.04;-1.5;3.3;0.5;8.5;30.0;-14.0;-7.6;-19.2;-1.7;-2.08;-10.48;-27.1;1.0;0.0;1.0;0.0;0.0;1.0;1.0;0.37799999999999995;0.52
GA;0.07;-1.7;3.38;1.3;9.4;32.0;-14.2;-13.3;-35.5;-2.3;-2.35;-12.44;-32.5;1.0;2.0;1.0;1.0;1.0;0.0;0.0;0.048;0.1
GC;0.07;-1.39;3.22;0.0;6.1;35.0;-16.9;-14.2;-34.9;-3.4;-3.42;-14.88;-36.9;2.0;1.0;1.0;0.0;1.0;1.0;0.0;0.146;0.26
GG;-0.01;-1.78;3.32;0.3;12.1;32.0;-11.1;-12.2;-29.7;-2.9;-3.26;-13.39;-32.7;2.0;2.0;2.0;0.0;2.0;0.0;0.0;0.065;0.17
GT;0.23;-1.43;3.24;0.8;4.8;32.0;-13.8;-10.2;-26.2;-2.1;-2.24;-11.4;-29.5;1.0;1.0;2.0;0.0;1.0;0.0;1.0;0.16;0.27
TA;-0.02;-1.45;3.26;-0.2;10.7;32.0;-16.0;-8.1;-22.6;-1.1;-1.33;-7.69;-20.5;0.0;1.0;1.0;1.0;0.0;0.0;1.0;0.11199999999999999;0.21
TC;0.07;-1.7;3.38;1.3;9.4;32.0;-14.2;-10.2;-26.2;-2.1;-2.35;-12.44;-32.5;1.0;0.0;1.0;0.0;0.0;1.0;1.0;0.359;0.48
TG;0.11;-1.46;3.09;1.0;9.9;31.0;-14.4;-7.6;-19.2;-1.7;-2.11;-10.44;-26.9;1.0;1.0;1.0;0.0;1.0;0.0;1.0;0.22399999999999998;0.34
TT;-0.08;-1.27;3.18;-0.8;7.0;31.0;-13.7;-6.6;-18.4;-0.9;-0.93;-6.82;-19.0;0.0;0.0;2.0;0.0;0.0;0.0;2.0;0.389;0.44
